{
  "level_id": "generated_lava_32",
  "level_name": "Lava",
  "theme_id": "theme_lava",
  "default_theme_id": "theme_lava",
  "required_level_ids": [],
  "required_dlc_id": "",
  "source_image_path": "res://assets/levels/lava_icon_32.png",
  "image_width": 32,
  "image_height": 32,
  "visible_pixel_count": 171,
  "bounds_min": {
    "x": 7,
    "y": 4
  },
  "bounds_max": {
    "x": 23,
    "y": 25
  },
  "palette_colors": [
    {
      "r": 1.0,
      "g": 0.768627,
      "b": 0.329412,
      "a": 1.0
    },
    {
      "r": 0.298039,
      "g": 0.211765,
      "b": 0.227451,
      "a": 1.0
    },
    {
      "r": 1.0,
      "g": 0.360784,
      "b": 0.094118,
      "a": 1.0
    }
  ],
  "palette_codes": [
    "A1",
    "B1",
    "C1"
  ],
  "palette_keys": [
    "255_196_84_255",
    "76_54_58_255",
    "255_92_24_255"
  ],
  "pixel_ids": [
    142,
    173,
    174,
    175,
    176,
    177,
    205,
    206,
    207,
    208,
    209,
    236,
    237,
    238,
    239,
    240,
    241,
    242,
    269,
    270,
    271,
    272,
    273,
    274,
    302,
    303,
    304,
    335,
    366,
    367,
    368,
    398,
    399,
    400,
    429,
    430,
    431,
    432,
    433,
    461,
    462,
    463,
    464,
    465,
    492,
    493,
    494,
    495,
    496,
    497,
    498,
    524,
    525,
    526,
    527,
    528,
    529,
    530,
    555,
    556,
    557,
    558,
    559,
    560,
    561,
    562,
    563,
    587,
    588,
    589,
    590,
    591,
    592,
    593,
    594,
    595,
    618,
    619,
    620,
    621,
    622,
    623,
    624,
    625,
    626,
    627,
    628,
    650,
    651,
    652,
    653,
    654,
    655,
    656,
    657,
    658,
    659,
    660,
    681,
    682,
    683,
    684,
    685,
    686,
    687,
    688,
    689,
    690,
    691,
    692,
    693,
    713,
    714,
    715,
    716,
    717,
    718,
    719,
    720,
    721,
    722,
    723,
    724,
    725,
    744,
    745,
    746,
    747,
    748,
    749,
    750,
    751,
    752,
    753,
    754,
    755,
    756,
    757,
    758,
    776,
    777,
    778,
    779,
    780,
    781,
    782,
    783,
    784,
    785,
    786,
    787,
    788,
    789,
    790,
    807,
    808,
    809,
    810,
    811,
    812,
    813,
    814,
    815,
    816,
    817,
    818,
    819,
    820,
    821,
    822,
    823
  ],
  "grid_x": [
    14,
    13,
    14,
    15,
    16,
    17,
    13,
    14,
    15,
    16,
    17,
    12,
    13,
    14,
    15,
    16,
    17,
    18,
    13,
    14,
    15,
    16,
    17,
    18,
    14,
    15,
    16,
    15,
    14,
    15,
    16,
    14,
    15,
    16,
    13,
    14,
    15,
    16,
    17,
    13,
    14,
    15,
    16,
    17,
    12,
    13,
    14,
    15,
    16,
    17,
    18,
    12,
    13,
    14,
    15,
    16,
    17,
    18,
    11,
    12,
    13,
    14,
    15,
    16,
    17,
    18,
    19,
    11,
    12,
    13,
    14,
    15,
    16,
    17,
    18,
    19,
    10,
    11,
    12,
    13,
    14,
    15,
    16,
    17,
    18,
    19,
    20,
    10,
    11,
    12,
    13,
    14,
    15,
    16,
    17,
    18,
    19,
    20,
    9,
    10,
    11,
    12,
    13,
    14,
    15,
    16,
    17,
    18,
    19,
    20,
    21,
    9,
    10,
    11,
    12,
    13,
    14,
    15,
    16,
    17,
    18,
    19,
    20,
    21,
    8,
    9,
    10,
    11,
    12,
    13,
    14,
    15,
    16,
    17,
    18,
    19,
    20,
    21,
    22,
    8,
    9,
    10,
    11,
    12,
    13,
    14,
    15,
    16,
    17,
    18,
    19,
    20,
    21,
    22,
    7,
    8,
    9,
    10,
    11,
    12,
    13,
    14,
    15,
    16,
    17,
    18,
    19,
    20,
    21,
    22,
    23
  ],
  "grid_y": [
    4,
    5,
    5,
    5,
    5,
    5,
    6,
    6,
    6,
    6,
    6,
    7,
    7,
    7,
    7,
    7,
    7,
    7,
    8,
    8,
    8,
    8,
    8,
    8,
    9,
    9,
    9,
    10,
    11,
    11,
    11,
    12,
    12,
    12,
    13,
    13,
    13,
    13,
    13,
    14,
    14,
    14,
    14,
    14,
    15,
    15,
    15,
    15,
    15,
    15,
    15,
    16,
    16,
    16,
    16,
    16,
    16,
    16,
    17,
    17,
    17,
    17,
    17,
    17,
    17,
    17,
    17,
    18,
    18,
    18,
    18,
    18,
    18,
    18,
    18,
    18,
    19,
    19,
    19,
    19,
    19,
    19,
    19,
    19,
    19,
    19,
    19,
    20,
    20,
    20,
    20,
    20,
    20,
    20,
    20,
    20,
    20,
    20,
    21,
    21,
    21,
    21,
    21,
    21,
    21,
    21,
    21,
    21,
    21,
    21,
    21,
    22,
    22,
    22,
    22,
    22,
    22,
    22,
    22,
    22,
    22,
    22,
    22,
    22,
    23,
    23,
    23,
    23,
    23,
    23,
    23,
    23,
    23,
    23,
    23,
    23,
    23,
    23,
    23,
    24,
    24,
    24,
    24,
    24,
    24,
    24,
    24,
    24,
    24,
    24,
    24,
    24,
    24,
    24,
    25,
    25,
    25,
    25,
    25,
    25,
    25,
    25,
    25,
    25,
    25,
    25,
    25,
    25,
    25,
    25,
    25
  ],
  "palette_indices": [
    0,
    0,
    0,
    0,
    0,
    0,
    0,
    0,
    0,
    0,
    0,
    0,
    0,
    0,
    0,
    0,
    0,
    0,
    0,
    0,
    0,
    0,
    0,
    0,
    0,
    0,
    0,
    0,
    1,
    2,
    1,
    2,
    2,
    2,
    1,
    2,
    2,
    2,
    1,
    2,
    2,
    2,
    2,
    2,
    1,
    2,
    2,
    2,
    2,
    2,
    1,
    1,
    2,
    2,
    2,
    2,
    2,
    1,
    1,
    1,
    2,
    2,
    2,
    2,
    2,
    1,
    1,
    1,
    1,
    2,
    2,
    2,
    2,
    2,
    1,
    1,
    1,
    1,
    1,
    2,
    2,
    2,
    2,
    2,
    1,
    1,
    1,
    1,
    1,
    1,
    1,
    2,
    2,
    2,
    1,
    1,
    1,
    1,
    1,
    1,
    1,
    1,
    1,
    2,
    2,
    2,
    1,
    1,
    1,
    1,
    1,
    1,
    1,
    1,
    1,
    1,
    2,
    2,
    2,
    1,
    1,
    1,
    1,
    1,
    1,
    1,
    1,
    1,
    1,
    1,
    2,
    2,
    2,
    1,
    1,
    1,
    1,
    1,
    1,
    1,
    1,
    1,
    1,
    1,
    1,
    2,
    2,
    2,
    1,
    1,
    1,
    1,
    1,
    1,
    1,
    1,
    1,
    1,
    1,
    1,
    1,
    2,
    2,
    2,
    1,
    1,
    1,
    1,
    1,
    1,
    1
  ]
}