{
  "level_id": "sample_lava",
  "level_name": "Sample Lava",
  "theme_id": "lava_theme",
  "default_theme_id": "lava_theme",
  "required_level_ids": [],
  "required_dlc_id": "",
  "source_image_path": "SharedLevelContent/source_images/sample_lava.png",
  "image_width": 16,
  "image_height": 16,
  "visible_pixel_count": 85,
  "bounds_min": {
    "x": 2,
    "y": 1
  },
  "bounds_max": {
    "x": 14,
    "y": 13
  },
  "palette_colors": [
    {
      "r": 1.0,
      "g": 0.313725,
      "b": 0.0,
      "a": 1.0
    },
    {
      "r": 1.0,
      "g": 0.862745,
      "b": 0.0,
      "a": 1.0
    }
  ],
  "palette_codes": [
    "A1",
    "B1"
  ],
  "palette_keys": [
    "255_80_0_255",
    "255_220_0_255"
  ],
  "pixel_ids": [
    24,
    40,
    55,
    56,
    57,
    71,
    72,
    73,
    86,
    87,
    88,
    89,
    90,
    102,
    103,
    104,
    105,
    106,
    117,
    118,
    119,
    120,
    121,
    122,
    123,
    133,
    134,
    135,
    136,
    137,
    138,
    139,
    148,
    149,
    150,
    151,
    152,
    153,
    154,
    155,
    156,
    164,
    165,
    166,
    167,
    168,
    169,
    170,
    171,
    172,
    179,
    180,
    181,
    182,
    183,
    184,
    185,
    186,
    187,
    188,
    189,
    195,
    196,
    197,
    198,
    199,
    200,
    201,
    202,
    203,
    204,
    205,
    210,
    211,
    212,
    213,
    214,
    215,
    216,
    217,
    218,
    219,
    220,
    221,
    222
  ],
  "grid_x": [
    8,
    8,
    7,
    8,
    9,
    7,
    8,
    9,
    6,
    7,
    8,
    9,
    10,
    6,
    7,
    8,
    9,
    10,
    5,
    6,
    7,
    8,
    9,
    10,
    11,
    5,
    6,
    7,
    8,
    9,
    10,
    11,
    4,
    5,
    6,
    7,
    8,
    9,
    10,
    11,
    12,
    4,
    5,
    6,
    7,
    8,
    9,
    10,
    11,
    12,
    3,
    4,
    5,
    6,
    7,
    8,
    9,
    10,
    11,
    12,
    13,
    3,
    4,
    5,
    6,
    7,
    8,
    9,
    10,
    11,
    12,
    13,
    2,
    3,
    4,
    5,
    6,
    7,
    8,
    9,
    10,
    11,
    12,
    13,
    14
  ],
  "grid_y": [
    1,
    2,
    3,
    3,
    3,
    4,
    4,
    4,
    5,
    5,
    5,
    5,
    5,
    6,
    6,
    6,
    6,
    6,
    7,
    7,
    7,
    7,
    7,
    7,
    7,
    8,
    8,
    8,
    8,
    8,
    8,
    8,
    9,
    9,
    9,
    9,
    9,
    9,
    9,
    9,
    9,
    10,
    10,
    10,
    10,
    10,
    10,
    10,
    10,
    10,
    11,
    11,
    11,
    11,
    11,
    11,
    11,
    11,
    11,
    11,
    11,
    12,
    12,
    12,
    12,
    12,
    12,
    12,
    12,
    12,
    12,
    12,
    13,
    13,
    13,
    13,
    13,
    13,
    13,
    13,
    13,
    13,
    13,
    13,
    13
  ],
  "palette_indices": [
    0,
    0,
    0,
    0,
    0,
    0,
    0,
    0,
    0,
    1,
    1,
    0,
    0,
    1,
    1,
    1,
    1,
    0,
    1,
    1,
    1,
    1,
    1,
    1,
    0,
    1,
    1,
    1,
    1,
    1,
    1,
    0,
    0,
    0,
    1,
    1,
    1,
    1,
    0,
    0,
    0,
    0,
    0,
    0,
    1,
    1,
    0,
    0,
    0,
    0,
    0,
    0,
    0,
    0,
    0,
    0,
    0,
    0,
    0,
    0,
    0,
    0,
    0,
    0,
    0,
    0,
    0,
    0,
    0,
    0,
    0,
    0,
    0,
    0,
    0,
    0,
    0,
    0,
    0,
    0,
    0,
    0,
    0,
    0,
    0
  ]
}